uFastC,uSLowC,uNecroC,pFastC,pSlowC,pNecroC,livingMicrobeC,uFastN,uSlowN,uNecroN,pFastN,pSlowN,pNecroN,inorganicN,CO2,livingMicrobeN
0.183,0.066,0,0,0,0,0.0001,0.0097,0.00355,0,0,0,0,0,0,0
0.154,0.096,0,0,0,0,0.0001,0.00485,0.00304,0,0,0,0,0,0,0
0.155,0.095,0,0,0,0,0.0001,0.00834,0.0051,0,0,0,0,0,0,0
0.115,0.135,0,0,0,0,0.0001,0.00426,0.00501,0,0,0,0,0,0,0